task_509,2017-03-08-19-48
task_525,2017-03-08-19-45
task_559,2017-03-08-19-47
task_554,2017-03-08-19-47
task_572,2017-03-08-19-49
task_540,2017-03-08-19-48
task_502,2017-03-08-19-45
task_524,2017-03-08-19-50
task_524,2017-03-08-19-50
task_525,2017-03-08-19-46
task_563,2017-03-08-19-50
task_502,2017-03-08-19-48
task_569,2017-03-08-19-45
task_553,2017-03-08-19-47
task_593,2017-03-08-19-46
task_569,2017-03-08-19-46
task_557,2017-03-08-19-49
task_538,2017-03-08-19-49
task_592,2017-03-08-19-46
task_543,2017-03-08-19-50
